2026-05-22 20:14:20,842,epoch=1,loss=9.009741,psnr=8.8497,ssim=0.2821
2026-05-22 20:14:44,083,epoch=2,loss=6.793325,psnr=8.7194,ssim=0.3049
2026-05-22 20:15:08,076,epoch=3,loss=6.114521,psnr=8.6904,ssim=0.3336
2026-05-22 20:15:33,123,epoch=4,loss=5.184396,psnr=8.6145,ssim=0.3442
2026-05-22 20:15:58,862,epoch=5,loss=4.665961,psnr=8.5445,ssim=0.3378
2026-05-22 20:16:23,878,epoch=6,loss=4.293004,psnr=8.5552,ssim=0.3329
2026-05-22 20:16:48,489,epoch=7,loss=4.060363,psnr=8.5340,ssim=0.3298
2026-05-22 20:17:13,303,epoch=8,loss=3.797479,psnr=8.5239,ssim=0.3263
2026-05-22 20:17:38,268,epoch=9,loss=3.627458,psnr=8.4817,ssim=0.3257
2026-05-22 20:18:03,053,epoch=10,loss=3.465048,psnr=8.5277,ssim=0.3235
2026-05-22 20:18:28,665,epoch=11,loss=3.323967,psnr=8.4781,ssim=0.3284
2026-05-22 20:18:53,491,epoch=12,loss=3.208416,psnr=8.5105,ssim=0.3270
2026-05-22 20:19:18,564,epoch=13,loss=3.079997,psnr=8.5603,ssim=0.3282
2026-05-22 20:19:43,382,epoch=14,loss=2.981964,psnr=8.5082,ssim=0.3282
2026-05-22 20:20:08,372,epoch=15,loss=2.881941,psnr=8.5422,ssim=0.3299
2026-05-22 20:20:33,508,epoch=16,loss=2.781239,psnr=8.5592,ssim=0.3330
2026-05-22 20:20:58,622,epoch=17,loss=2.719864,psnr=8.6273,ssim=0.3328
2026-05-22 20:21:23,609,epoch=18,loss=2.647581,psnr=8.5515,ssim=0.3348
2026-05-22 20:21:48,405,epoch=19,loss=2.510068,psnr=8.6326,ssim=0.3368
2026-05-22 20:22:13,116,epoch=20,loss=2.442210,psnr=8.6416,ssim=0.3429
2026-05-22 20:22:38,985,epoch=21,loss=2.393833,psnr=8.6485,ssim=0.3437
2026-05-22 20:23:03,869,epoch=22,loss=2.285030,psnr=8.7792,ssim=0.3461
2026-05-22 20:23:28,731,epoch=23,loss=2.173887,psnr=8.7676,ssim=0.3518
2026-05-22 20:23:53,627,epoch=24,loss=2.120004,psnr=8.8441,ssim=0.3545
2026-05-22 20:24:18,442,epoch=25,loss=2.049651,psnr=8.9017,ssim=0.3577
2026-05-22 20:24:43,214,epoch=26,loss=1.965545,psnr=8.9367,ssim=0.3619
2026-05-22 20:25:07,912,epoch=27,loss=1.909820,psnr=9.0064,ssim=0.3632
2026-05-22 20:25:32,805,epoch=28,loss=1.843586,psnr=9.0330,ssim=0.3706
2026-05-22 20:25:57,545,epoch=29,loss=1.806341,psnr=9.0676,ssim=0.3737
2026-05-22 20:26:22,228,epoch=30,loss=1.730119,psnr=9.1257,ssim=0.3765
2026-05-22 20:26:47,784,epoch=31,loss=1.668675,psnr=9.0553,ssim=0.3812
2026-05-22 20:27:12,458,epoch=32,loss=1.606267,psnr=9.2649,ssim=0.3802
2026-05-22 20:27:37,236,epoch=33,loss=1.580620,psnr=9.2071,ssim=0.3872
2026-05-22 20:28:02,011,epoch=34,loss=1.523319,psnr=9.2979,ssim=0.3891
2026-05-22 20:28:26,617,epoch=35,loss=1.484747,psnr=9.4022,ssim=0.3912
2026-05-22 20:28:51,090,epoch=36,loss=1.429268,psnr=9.3481,ssim=0.3931
2026-05-22 20:29:15,702,epoch=37,loss=1.421866,psnr=9.4584,ssim=0.3947
2026-05-22 20:29:40,354,epoch=38,loss=1.363826,psnr=9.4716,ssim=0.3989
2026-05-22 20:30:05,230,epoch=39,loss=1.343014,psnr=9.5227,ssim=0.4009
2026-05-22 20:30:30,385,epoch=40,loss=1.308731,psnr=9.5196,ssim=0.4021
2026-05-22 20:30:56,464,epoch=41,loss=1.286547,psnr=9.5602,ssim=0.4022
2026-05-22 20:31:21,532,epoch=42,loss=1.261999,psnr=9.5684,ssim=0.4054
2026-05-22 20:31:46,767,epoch=43,loss=1.213972,psnr=9.6144,ssim=0.4042
2026-05-22 20:32:12,138,epoch=44,loss=1.212509,psnr=9.5961,ssim=0.4072
2026-05-22 20:32:37,493,epoch=45,loss=1.184902,psnr=9.7317,ssim=0.4088
2026-05-22 20:33:02,838,epoch=46,loss=1.146898,psnr=9.6899,ssim=0.4078
2026-05-22 20:33:28,347,epoch=47,loss=1.146539,psnr=9.6646,ssim=0.4126
2026-05-22 20:33:53,737,epoch=48,loss=1.099503,psnr=9.7067,ssim=0.4112
2026-05-22 20:34:18,984,epoch=49,loss=1.093961,psnr=9.7122,ssim=0.4121
2026-05-22 20:34:44,384,epoch=50,loss=1.071183,psnr=9.7100,ssim=0.4127
2026-05-22 20:35:10,554,epoch=51,loss=1.054000,psnr=9.7836,ssim=0.4126
2026-05-22 20:35:35,611,epoch=52,loss=1.020535,psnr=9.8068,ssim=0.4145
2026-05-22 20:36:00,668,epoch=53,loss=0.997451,psnr=9.6967,ssim=0.4180
2026-05-22 20:36:25,945,epoch=54,loss=1.001324,psnr=9.7896,ssim=0.4132
2026-05-22 20:36:51,152,epoch=55,loss=0.956085,psnr=9.8262,ssim=0.4159
2026-05-22 20:37:16,341,epoch=56,loss=0.938266,psnr=9.9298,ssim=0.4161
2026-05-22 20:37:41,562,epoch=57,loss=0.917123,psnr=9.9505,ssim=0.4163
2026-05-22 20:38:06,664,epoch=58,loss=0.913121,psnr=9.7304,ssim=0.4196
2026-05-22 20:38:31,876,epoch=59,loss=0.912775,psnr=9.8405,ssim=0.4174
2026-05-22 20:38:57,130,epoch=60,loss=0.903000,psnr=9.9354,ssim=0.4173
2026-05-22 20:39:22,940,epoch=61,loss=0.878292,psnr=9.9011,ssim=0.4198
2026-05-22 20:39:47,832,epoch=62,loss=0.895249,psnr=9.9605,ssim=0.4207
2026-05-22 20:40:12,864,epoch=63,loss=0.867302,psnr=9.9709,ssim=0.4201
2026-05-22 20:40:37,600,epoch=64,loss=0.865840,psnr=9.8151,ssim=0.4219
2026-05-22 20:41:02,642,epoch=65,loss=0.847497,psnr=9.9875,ssim=0.4224
2026-05-22 20:41:27,674,epoch=66,loss=0.851453,psnr=9.9197,ssim=0.4239
2026-05-22 20:41:52,866,epoch=67,loss=0.838777,psnr=9.9818,ssim=0.4233
2026-05-22 20:42:18,071,epoch=68,loss=0.820075,psnr=9.9663,ssim=0.4222
2026-05-22 20:42:43,455,epoch=69,loss=0.809459,psnr=9.9094,ssim=0.4247
2026-05-22 20:43:08,800,epoch=70,loss=0.800869,psnr=9.9880,ssim=0.4236
2026-05-22 20:43:35,149,epoch=71,loss=0.800126,psnr=10.0092,ssim=0.4238
2026-05-22 20:44:00,247,epoch=72,loss=0.803221,psnr=10.0150,ssim=0.4259
2026-05-22 20:44:25,366,epoch=73,loss=0.804946,psnr=10.1296,ssim=0.4277
2026-05-22 20:44:50,533,epoch=74,loss=0.772879,psnr=10.0667,ssim=0.4262
2026-05-22 20:45:15,674,epoch=75,loss=0.783190,psnr=10.0817,ssim=0.4284
2026-05-22 20:45:40,762,epoch=76,loss=0.786839,psnr=10.0219,ssim=0.4285
2026-05-22 20:46:05,970,epoch=77,loss=0.767240,psnr=10.1021,ssim=0.4289
2026-05-22 20:46:31,369,epoch=78,loss=0.757103,psnr=10.0624,ssim=0.4295
2026-05-22 20:46:56,632,epoch=79,loss=0.767048,psnr=10.2018,ssim=0.4294
2026-05-22 20:47:21,640,epoch=80,loss=0.745262,psnr=10.1576,ssim=0.4280
2026-05-22 20:47:47,622,epoch=81,loss=0.753086,psnr=10.0520,ssim=0.4315
2026-05-22 20:48:12,302,epoch=82,loss=0.739700,psnr=10.1426,ssim=0.4321
2026-05-22 20:48:37,529,epoch=83,loss=0.743119,psnr=10.1126,ssim=0.4293
2026-05-22 20:49:02,869,epoch=84,loss=0.739330,psnr=10.1822,ssim=0.4320
2026-05-22 20:49:28,190,epoch=85,loss=0.728992,psnr=10.1686,ssim=0.4326
2026-05-22 20:49:53,491,epoch=86,loss=0.707743,psnr=10.2636,ssim=0.4282
2026-05-22 20:50:18,879,epoch=87,loss=0.706623,psnr=10.1073,ssim=0.4350
2026-05-22 20:50:44,114,epoch=88,loss=0.734879,psnr=10.2249,ssim=0.4310
2026-05-22 20:51:09,502,epoch=89,loss=0.709684,psnr=10.1264,ssim=0.4339
2026-05-22 20:51:34,759,epoch=90,loss=0.708297,psnr=10.2266,ssim=0.4316
2026-05-22 20:52:00,706,epoch=91,loss=0.730614,psnr=10.2610,ssim=0.4328
2026-05-22 20:52:25,548,epoch=92,loss=0.724930,psnr=10.2111,ssim=0.4332
2026-05-22 20:52:50,302,epoch=93,loss=0.702793,psnr=10.2185,ssim=0.4325
2026-05-22 20:53:15,045,epoch=94,loss=0.699444,psnr=10.2068,ssim=0.4336
2026-05-22 20:53:39,852,epoch=95,loss=0.683605,psnr=10.2062,ssim=0.4354
2026-05-22 20:54:04,773,epoch=96,loss=0.695094,psnr=10.2772,ssim=0.4352
2026-05-22 20:54:29,539,epoch=97,loss=0.681371,psnr=10.3000,ssim=0.4341
2026-05-22 20:54:54,521,epoch=98,loss=0.696125,psnr=10.2531,ssim=0.4331
2026-05-22 20:55:19,578,epoch=99,loss=0.684763,psnr=10.2381,ssim=0.4358
2026-05-22 20:55:44,738,epoch=100,loss=0.676403,psnr=10.2622,ssim=0.4333
2026-05-22 20:56:10,703,epoch=101,loss=0.664673,psnr=10.2684,ssim=0.4381
2026-05-22 20:56:35,462,epoch=102,loss=0.680168,psnr=10.2658,ssim=0.4362
2026-05-22 20:57:00,256,epoch=103,loss=0.688567,psnr=10.3168,ssim=0.4370
2026-05-22 20:57:25,164,epoch=104,loss=0.702395,psnr=10.3551,ssim=0.4376
2026-05-22 20:57:50,271,epoch=105,loss=0.678924,psnr=10.3055,ssim=0.4385
2026-05-22 20:58:15,480,epoch=106,loss=0.661687,psnr=10.3615,ssim=0.4380
2026-05-22 20:58:40,576,epoch=107,loss=0.655413,psnr=10.3167,ssim=0.4392
2026-05-22 20:59:05,600,epoch=108,loss=0.651008,psnr=10.2636,ssim=0.4384
2026-05-22 20:59:30,698,epoch=109,loss=0.648231,psnr=10.3049,ssim=0.4399
2026-05-22 20:59:55,704,epoch=110,loss=0.661801,psnr=10.4257,ssim=0.4380
2026-05-22 21:00:21,600,epoch=111,loss=0.644388,psnr=10.3338,ssim=0.4395
2026-05-22 21:00:46,412,epoch=112,loss=0.647410,psnr=10.3198,ssim=0.4397
2026-05-22 21:01:11,141,epoch=113,loss=0.650637,psnr=10.4191,ssim=0.4379
2026-05-22 21:01:35,863,epoch=114,loss=0.629700,psnr=10.2862,ssim=0.4404
2026-05-22 21:02:00,938,epoch=115,loss=0.646693,psnr=10.3763,ssim=0.4399
2026-05-22 21:02:26,223,epoch=116,loss=0.635544,psnr=10.3772,ssim=0.4404
2026-05-22 21:02:51,402,epoch=117,loss=0.651396,psnr=10.3782,ssim=0.4395
2026-05-22 21:03:16,677,epoch=118,loss=0.637509,psnr=10.4516,ssim=0.4385
2026-05-22 21:03:42,001,epoch=119,loss=0.638383,psnr=10.5000,ssim=0.4362
2026-05-22 21:04:07,195,epoch=120,loss=0.628491,psnr=10.4118,ssim=0.4394
